CARNET;ID_CIUDAD;NOMBRE;APELLIDO;CEDULA;RIF;TELEFONO;FAX;DIRECCION;COD_SUCURSAL
PDR-641357;13;Merrill;Blanchard;E-89594759;RIA-7487671-3;733-7773;371-1291;535-7264 Amet Ctra.;3
PLR-756514;1;Lisandra;Church;O-87758269;RIo-9644282-6;1-968-979-8712;1-927-285-7164;9155 Libero Ctra.;11
PNR-248481;2;Mara;Vargas;O-75189673;RIa-2753473-1;432-3013;1-691-466-4248;Apdo.:493-7020 Egestas. ;2
PPR-723468;24;Kieran;Lynn;O-19384616;RIU-6552149-2;522-7058;346-9458;8765 Lobortis ;3
PCR-445426;17;Karen;Rodriguez;A-67992883;RIE-4511841-4;1-238-308-6254;343-8954;3712 Vivamus Ctra.;4
PLR-139387;22;Martina;Irwin;A-62372198;RII-9638294-1;1-732-540-1018;1-416-723-9636;239-2929 Arcu Calle;13
PWR-126147;15;Yoshio;Glass;A-72849537;RII-8343679-3;858-7768;275-6756;Apdo.:451-7218 Morbi Carretera;4
PBR-117234;6;Cedric;Pollard;I-52576984;RIA-2413882-9;824-3541;391-7403;Apartado núm.: 431, 1127 Et Ctra.;15
PQR-452381;6;Eliana;Humphrey;I-58816373;RIe-3128526-3;1-200-269-7193;1-187-494-2093;1824 Purus C/;14
PQR-218198;17;Robin;Combs;E-26471923;RII-2815993-5;1-336-135-7483;397-2272;Apartado núm.: 288, 1775 Luctus Calle;6
PCR-614351;19;Zia;Webster;I-61155263;RIi-7411156-9;315-1863;1-859-670-1330;1251 Tincidunt, Avda.;16
PTR-968743;15;Troy;Riddle;U-15396465;RIU-3856465-6;1-210-493-1159;836-9619;Apartado núm.: 752, 812 Sit Avda.;12
PPR-155848;18;Malcolm;Pearson;U-68639665;RIE-1487335-6;1-143-883-8984;467-3462;613-6528 Dui. Av.;7
PWR-717435;21;Felix;Lee;A-19321123;RIU-3224928-7;476-0758;134-4087;8336 Donec Avenida;15
PVR-584372;13;Lesley;Patel;I-71244352;RIi-2995163-2;596-1886;643-6697;Apartado núm.: 707, 5349 Placerat, Avenida;18
PPR-922749;22;Dylan;Roy;O-15263615;RIe-2267516-3;412-9339;1-666-783-0923;Apdo.:546-4630 Donec C/;4
PRR-823597;18;Maggie;Griffin;A-75935329;RIa-9934236-3;1-309-817-6097;1-327-801-3647;2656 Turpis. C/;5
PPR-169754;23;Bethany;Reynolds;U-64942556;RIu-2774547-8;1-628-297-8382;945-1157;177-4775 Dis Avda.;12
PDR-879133;11;Galena;Mcclain;E-79289669;RIE-8661311-7;1-871-813-2814;1-145-342-3980;Apartado núm.: 617, 2817 In, Carretera;9
PHR-432491;13;Victoria;Finch;O-39488224;RIU-5221269-4;114-1883;538-9458;Apdo.:524-931 Lacus Av.;16
PSR-423397;18;Wade;Skinner;A-92476382;RIu-6855561-3;243-2606;1-318-698-6213;241-4041 Nibh Carretera;2
PZR-472587;11;Deirdre;Brewer;I-94856551;RIA-4586678-1;1-297-918-8093;855-4821;Apartado núm.: 740, 6824 Metus Avda.;10
PKR-433997;24;Guinevere;Powell;U-12757679;RIi-4759713-1;1-140-618-3344;1-840-956-0723;475-8791 Urna Avenida;11
PQR-915445;1;Carolyn;Estrada;E-42291794;RIA-7569123-6;1-709-569-9057;1-782-145-4502;Apartado núm.: 709, 2511 Per Avenida;1
PSR-782162;10;Lesley;Mcdaniel;I-17264789;RIE-4322921-1;339-0138;1-226-366-0049;Apartado núm.: 435, 500 Turpis ;11
PRR-837446;14;Celeste;Fox;A-23826892;RIi-9884871-7;765-6978;126-9507;Apdo.:670-1730 Massa. C.;17
PPR-846311;6;Denton;Dean;O-28971844;RIe-8933468-7;900-4199;1-693-450-6386;Apdo.:429-8940 Nunc Avda.;3
PTR-869337;11;Zephr;Stark;I-17995585;RIe-8828838-2;870-8494;237-9829;Apartado núm.: 373, 5560 Dictum Avenida;12
PNR-699383;11;Scott;Dorsey;O-39186782;RIe-8291889-3;963-2806;1-738-199-6048;Apartado núm.: 816, 5526 Sed C.;14
PMR-512113;16;Uriel;Sharpe;I-85983394;RIA-3773325-7;1-478-985-6256;314-3568;291-8597 At ;4
PSR-299654;3;Barbara;Hawkins;I-58327148;RIo-6956533-5;1-816-941-6274;1-164-409-8380;Apdo.:114-5178 Semper Ctra.;17
PXR-954539;4;Claudia;Sexton;I-78954533;RIe-9634345-4;888-7759;389-4207;Apdo.:946-8574 Nullam Carretera;18
PMR-691838;11;Benjamin;Gibson;U-95636972;RIO-3832669-2;939-4074;1-158-341-9515;9338 Tempus, Avenida;5
PQR-548937;2;Portia;Kelley;E-51317112;RIU-9939174-6;1-384-634-7701;594-5432;Apdo.:134-2982 Ut Avenida;17
PHR-368942;23;Ruby;Haney;E-14499294;RIO-1187821-2;1-292-849-8347;511-1987;829-2727 Sit Av.;11
PVR-928643;23;Scarlet;Day;O-41889622;RIo-6486592-4;1-175-210-7735;1-432-327-9498;2004 Phasellus C/;12
PJR-568412;15;Kelly;Andrews;I-98436518;RIo-7298471-9;1-717-756-0158;1-308-263-1975;157-6263 Sem Av.;13
PBR-698242;10;Stacey;Hodges;E-53785968;RII-2696542-3;340-8592;138-6685;Apdo.:732-8241 Tellus. Calle;3
PHR-519952;3;Freya;Nolan;O-83653829;RIu-9588211-4;1-951-215-1048;204-2717;6663 Massa. Avda.;4
PJR-723593;15;McKenzie;Mueller;E-31811932;RIa-9388284-3;1-545-637-3442;691-0706;Apdo.:190-3180 Velit C.;19
PDR-935537;12;Jerry;Gregory;I-25735668;RIO-3652371-2;993-0737;835-8619;195-7250 Ultricies Avenida;14
PLR-887561;23;Dara;Reynolds;U-72178744;RIa-1554925-9;1-873-291-0871;775-6958;Apdo.:727-5930 Molestie ;16
PPR-381918;21;Gail;Sosa;I-42843474;RIe-8613693-4;276-1085;258-2199;Apartado núm.: 753, 8748 Porttitor Avenida;8
PPR-872447;12;Malcolm;Hester;E-13866291;RIU-4294136-6;199-6210;321-4364;201-2475 Lorem C.;17
PXR-316733;7;George;Reese;A-12346317;RIi-6329922-2;271-6802;1-841-151-8368;Apartado núm.: 286, 7741 Eleifend, Avenida;14
PKR-184954;25;Kaseem;Herman;E-51287185;RIo-6153862-9;956-2188;1-189-179-3579;126-7054 Morbi ;1
PKR-897259;25;Katelyn;Page;I-45732956;RIU-2847555-5;1-137-240-2480;1-972-313-4909;2622 Etiam ;9
PCR-245347;21;Kyle;Hunt;E-45262747;RIO-9694279-7;681-6074;1-392-334-0756;Apartado núm.: 993, 2308 Duis C/;19
PTR-529971;8;Willow;Joyce;I-26526251;RIA-7718555-3;152-7630;343-8332;6846 Elit Carretera;3
PZR-859163;20;Winifred;Gonzales;I-13752139;RII-9138818-1;683-6526;1-152-501-3087;160-902 Augue Avda.;2
PRR-992738;12;Yvonne;Cummings;E-48672151;RIU-2387724-5;453-3718;1-140-378-4890;Apartado núm.: 502, 7466 Quis Carretera;19
PRR-481557;6;Xyla;Rosales;O-44465362;RIu-9691226-1;1-167-169-3187;715-4712;Apdo.:181-6853 Dictum ;6
PGR-588874;13;Karen;Wong;I-86342223;RIU-4448554-3;923-2329;413-7517;9109 Massa. C.;5
PPR-569585;23;Zahir;Lee;U-13974272;RIa-7631383-8;1-712-145-2924;455-2702;346-1044 In, Calle;4
PCR-318276;18;Leila;Glass;A-64196818;RII-2286933-4;1-575-591-4773;434-2056;283-1053 Cras Carretera;2
PKR-517523;17;Lance;Hensley;O-14113848;RII-8259466-2;1-476-746-2150;1-738-515-4561;Apdo.:896-7425 Eu, Av.;11
PPR-471153;13;Hayley;Hull;A-76716579;RIO-6779628-7;1-394-440-0942;903-9771;Apdo.:443-6001 Eget ;14
PWR-231598;23;Lester;Spears;E-15832714;RII-7991768-1;1-541-743-9387;885-6792;Apartado núm.: 160, 632 Malesuada ;15
PLR-736751;17;Steven;Sanford;E-92233152;RIE-3769712-1;762-3345;646-7861;Apdo.:120-679 At Calle;6
PRR-991393;21;Steel;Sweet;O-29999154;RIO-1784676-5;306-2427;1-907-620-9473;670-1119 Turpis Avenida;11
PKR-966518;14;Rachel;Callahan;O-78663986;RIa-8653234-8;779-3826;330-7282;975-9028 Vel Carretera;16
PGR-476341;3;Joseph;Murray;O-16399491;RIE-3633568-8;361-2488;541-9796;Apartado núm.: 431, 6696 Suspendisse Calle;1
PVR-232126;13;Jennifer;Durham;I-13184257;RIu-2547483-3;1-989-542-7363;1-487-921-4043;Apartado núm.: 670, 2006 Nulla Carretera;14
PYR-867111;6;Clayton;Porter;O-22389118;RIA-1614274-7;1-300-803-4118;438-6394;Apartado núm.: 898, 1725 Hendrerit ;19
PNR-532437;17;Maile;Wilcox;I-65223684;RIu-9623345-6;183-8215;1-334-354-1453;Apdo.:306-4791 Amet C.;16
PLR-371697;2;Lionel;Mcguire;O-81589725;RIu-1977482-8;540-5129;1-883-623-1792;493-5478 Nonummy Carretera;14
PGR-798426;3;Bethany;Barrett;E-82634334;RIe-2476153-3;608-0577;115-0108;6428 Auctor C/;12
PQR-634894;19;Eric;Callahan;U-61979429;RIA-3736591-3;686-2182;346-9704;3781 Neque ;4
PBR-774291;5;Beau;Grimes;E-83758872;RIE-5533738-3;1-228-830-4523;566-5798;314-962 Nunc ;10
PPR-592722;2;Eaton;Burgess;O-66471495;RIi-9156167-7;1-935-761-7110;1-228-592-9800;8416 Egestas C/;5
PQR-937519;2;Kyra;Singleton;U-74945917;RIu-4469279-1;1-229-825-6125;241-9684;Apartado núm.: 570, 9988 Quis Av.;5
PQR-734947;15;Xenos;Nash;O-73229646;RIu-1658359-8;169-7634;1-560-549-7660;Apartado núm.: 491, 304 Neque Carretera;14
PWR-339963;7;Emerson;Kerr;U-63668348;RIa-6747284-6;1-698-152-9182;1-308-796-4378;Apartado núm.: 253, 1457 Rutrum C/;18
PCR-634256;19;Pamela;Good;O-54346778;RIu-4863342-9;1-942-475-3713;1-338-659-9664;795-4136 Nullam Avda.;2
PZR-993877;19;Prescott;William;E-78112178;RIu-2336978-1;1-997-698-5568;623-5267;832-7000 Curabitur C.;17
PDR-172512;7;Tallulah;Le;A-84254154;RIU-9147456-4;1-805-552-0008;1-739-871-6235;Apartado núm.: 149, 3029 Ut ;13
PQR-668777;17;Genevieve;Woods;O-42774381;RIO-7239397-6;241-9702;106-6912;Apdo.:467-4373 Dignissim C/;1
PTR-664779;2;Minerva;Hubbard;A-72828649;RIi-4912525-7;1-648-672-1609;1-113-717-1631;233-8436 Erat Avda.;19
PVR-328896;14;Ralph;Nolan;A-69433688;RIO-9627538-9;382-5362;1-234-489-8540;537-1904 Erat Avenida;13
PDR-896944;21;Stuart;Carroll;U-38731539;RII-2993665-5;1-883-455-7287;136-6451;395-6462 Commodo Ctra.;14
PDR-999754;10;Ayanna;Marshall;E-47428558;RIo-2151138-5;525-0667;540-7030;1951 Cum Avenida;11
PDR-364685;13;Kai;Pollard;A-93864511;RIu-3466145-5;282-0639;1-729-535-2096;Apdo.:436-5645 Mattis. Ctra.;2
PNR-161216;12;Ulysses;Henderson;E-94921854;RIa-2667618-4;1-981-530-5995;1-571-392-7896;7254 Dui Ctra.;18
PCR-263969;16;Hammett;Dawson;A-16768871;RIe-7391766-7;287-8527;1-795-104-9744;5168 Turpis. Avenida;7
PKR-143444;4;Neville;Forbes;E-19861793;RIa-2522715-8;1-324-791-3768;773-1881;Apartado núm.: 653, 2967 Id, Av.;6
PKR-113173;22;Beverly;Frye;O-94462353;RIu-2426346-3;1-748-801-7765;657-8243;9167 Malesuada Carretera;4
PJR-796144;9;Noah;Santana;I-92529484;RII-1483311-4;770-2205;640-7814;743-9005 Scelerisque C/;5
PSR-716329;25;Quinn;Witt;E-22978646;RIa-1241857-3;1-797-608-3983;509-5297;656-6982 Ridiculus Ctra.;15
PDR-652437;10;Giacomo;Fry;I-83268986;RII-4723938-4;742-9608;1-512-370-4902;754-7134 Sit Carretera;18
PZR-924279;16;Roanna;Mosley;U-81594942;RIo-3544171-3;1-630-678-1251;737-0747;667-491 Nibh. Ctra.;16
PFR-432241;3;Stephanie;Travis;E-84216553;RIo-4335448-8;542-7976;557-5091;Apdo.:489-5296 Eget ;10
PMR-719321;11;Boris;Parsons;E-26257459;RIe-3969138-1;1-422-393-8264;807-5883;Apartado núm.: 140, 4752 Vitae, Av.;10
PZR-114747;4;Mollie;Romero;U-62344889;RIo-3185219-7;1-340-748-0213;1-938-162-8425;Apdo.:887-5980 Lorem Avda.;17
PRR-314158;8;Imelda;Kidd;E-16427996;RIU-5416381-1;1-128-651-0092;1-591-425-2917;5399 Ut, Ctra.;4
PDR-333598;6;Alden;Hubbard;E-76551227;RIE-7963821-6;573-6314;642-4452;3887 Hendrerit. ;6
PQR-274522;23;Tarik;Bauer;A-85984631;RIA-7915381-9;531-5644;691-3334;Apartado núm.: 890, 6935 Adipiscing C/;16
PJR-187922;3;Frances;Morrow;O-46152637;RIo-8354955-9;160-8013;1-489-403-2212;Apartado núm.: 353, 7263 Ligula. Carretera;16
PQR-218817;8;Maxwell;Saunders;E-81387778;RIo-1866996-3;394-3999;1-356-755-8330;Apartado núm.: 474, 7919 Integer C.;15
PZR-682511;24;Orson;Tran;A-51546539;RII-3622178-8;1-773-476-7165;627-3861;Apdo.:865-8185 Turpis Av.;16
PZR-571937;10;Carl;Meyer;V-25554441;RIF-25588444;1-555-2222-222;698-55566;tuycashjhs;14
